<?xml version="1.0" encoding="UTF-8"?>
<assembly xmlns="http://maven.apache.org/POM/4.0.0"
	xmlns:xsi="http://www.w3.org/2001/XMLSchema-instance"
	xsi:schemaLocation="http://maven.apache.org/POM/4.0.0 http://maven.apache.org/xsd/assembly-1.0.0.xsd">
	<id>distribution</id>
	<formats>
		<format>zip</format>
	</formats>
	<dependencySets>
		<dependencySet>
			<outputDirectory>lib</outputDirectory>
			<includes>
				<include>*:*</include>
			</includes>
		</dependencySet>
	</dependencySets>
	<fileSets>
		<fileSet>
			<includes>
				<include>README*</include>
				<include>LICENSE*</include>
				<include>NOTICE*</include>
				<include>pom.xml</include>
			</includes>
		</fileSet>
		<fileSet>
			<directory>src</directory>
		</fileSet>
	</fileSets>
</assembly>